--
-- PostgreSQL database dump
--

\restrict pc9DF06XBnREtbE2dbyUJ1hDRrghTW0AvWf0fClH23oCtJZjVuMNgQgv28uqV9g

-- Dumped from database version 17.6
-- Dumped by pg_dump version 17.6

SET statement_timeout = 0;
SET lock_timeout = 0;
SET idle_in_transaction_session_timeout = 0;
SET transaction_timeout = 0;
SET client_encoding = 'UTF8';
SET standard_conforming_strings = on;
SELECT pg_catalog.set_config('search_path', '', false);
SET check_function_bodies = false;
SET xmloption = content;
SET client_min_messages = warning;
SET row_security = off;

--
-- Name: update_updated_at_column(); Type: FUNCTION; Schema: public; Owner: postgres
--

CREATE FUNCTION public.update_updated_at_column() RETURNS trigger
    LANGUAGE plpgsql
    AS $$
BEGIN
    NEW.updated_at = CURRENT_TIMESTAMP;
    RETURN NEW;
END;
$$;


ALTER FUNCTION public.update_updated_at_column() OWNER TO postgres;

SET default_tablespace = '';

SET default_table_access_method = heap;

--
-- Name: cotizaciones; Type: TABLE; Schema: public; Owner: postgres
--

CREATE TABLE public.cotizaciones (
    id integer NOT NULL,
    codigo_postal character varying(5) NOT NULL,
    municipio_id integer,
    peso numeric(10,2) NOT NULL,
    material character varying(50),
    precio_material numeric(10,2),
    tarifa_transporte numeric(10,2),
    precio_total numeric(10,2),
    tipo_cambio numeric(10,4),
    fecha timestamp without time zone DEFAULT CURRENT_TIMESTAMP,
    usuario_id integer,
    firebase_uid character varying(128),
    session_id character varying(255),
    created_at timestamp without time zone DEFAULT CURRENT_TIMESTAMP,
    updated_at timestamp without time zone DEFAULT CURRENT_TIMESTAMP
);


ALTER TABLE public.cotizaciones OWNER TO postgres;

--
-- Name: cotizaciones_id_seq; Type: SEQUENCE; Schema: public; Owner: postgres
--

CREATE SEQUENCE public.cotizaciones_id_seq
    AS integer
    START WITH 1
    INCREMENT BY 1
    NO MINVALUE
    NO MAXVALUE
    CACHE 1;


ALTER SEQUENCE public.cotizaciones_id_seq OWNER TO postgres;

--
-- Name: cotizaciones_id_seq; Type: SEQUENCE OWNED BY; Schema: public; Owner: postgres
--

ALTER SEQUENCE public.cotizaciones_id_seq OWNED BY public.cotizaciones.id;


--
-- Name: estados; Type: TABLE; Schema: public; Owner: postgres
--

CREATE TABLE public.estados (
    id integer NOT NULL,
    nombre character varying(100) NOT NULL,
    codigo character varying(10),
    created_at timestamp without time zone DEFAULT CURRENT_TIMESTAMP
);


ALTER TABLE public.estados OWNER TO postgres;

--
-- Name: estados_id_seq; Type: SEQUENCE; Schema: public; Owner: postgres
--

CREATE SEQUENCE public.estados_id_seq
    AS integer
    START WITH 1
    INCREMENT BY 1
    NO MINVALUE
    NO MAXVALUE
    CACHE 1;


ALTER SEQUENCE public.estados_id_seq OWNER TO postgres;

--
-- Name: estados_id_seq; Type: SEQUENCE OWNED BY; Schema: public; Owner: postgres
--

ALTER SEQUENCE public.estados_id_seq OWNED BY public.estados.id;


--
-- Name: market_data; Type: TABLE; Schema: public; Owner: postgres
--

CREATE TABLE public.market_data (
    id integer NOT NULL,
    date date NOT NULL,
    asset_name character varying(100) NOT NULL,
    open numeric(18,4),
    high numeric(18,4),
    low numeric(18,4),
    close numeric(18,4) NOT NULL,
    volume bigint,
    created_at timestamp without time zone DEFAULT CURRENT_TIMESTAMP NOT NULL,
    updated_at timestamp without time zone DEFAULT CURRENT_TIMESTAMP NOT NULL,
    CONSTRAINT chk_high_low CHECK ((high >= low)),
    CONSTRAINT chk_positive_prices CHECK (((open >= (0)::numeric) AND (high >= (0)::numeric) AND (low >= (0)::numeric) AND (close >= (0)::numeric))),
    CONSTRAINT chk_volume_positive CHECK ((volume >= 0))
);


ALTER TABLE public.market_data OWNER TO postgres;

--
-- Name: market_data_id_seq; Type: SEQUENCE; Schema: public; Owner: postgres
--

CREATE SEQUENCE public.market_data_id_seq
    AS integer
    START WITH 1
    INCREMENT BY 1
    NO MINVALUE
    NO MAXVALUE
    CACHE 1;


ALTER SEQUENCE public.market_data_id_seq OWNER TO postgres;

--
-- Name: market_data_id_seq; Type: SEQUENCE OWNED BY; Schema: public; Owner: postgres
--

ALTER SEQUENCE public.market_data_id_seq OWNED BY public.market_data.id;


--
-- Name: municipios; Type: TABLE; Schema: public; Owner: postgres
--

CREATE TABLE public.municipios (
    id integer NOT NULL,
    region_id integer NOT NULL,
    estado_id integer NOT NULL,
    nombre character varying(100) NOT NULL,
    cp_inicio character varying(5) NOT NULL,
    cp_fin character varying(5) NOT NULL,
    tarifa_15_30 numeric(10,2),
    tarifa_30_100 numeric(10,2),
    tarifa_100_200 numeric(10,2),
    tarifa_200_500 numeric(10,2),
    tarifa_mayor_500 numeric(10,2),
    created_at timestamp without time zone DEFAULT CURRENT_TIMESTAMP,
    updated_at timestamp without time zone DEFAULT CURRENT_TIMESTAMP,
    CONSTRAINT check_cp_range CHECK (((cp_inicio)::text <= (cp_fin)::text))
);


ALTER TABLE public.municipios OWNER TO postgres;

--
-- Name: municipios_id_seq; Type: SEQUENCE; Schema: public; Owner: postgres
--

CREATE SEQUENCE public.municipios_id_seq
    AS integer
    START WITH 1
    INCREMENT BY 1
    NO MINVALUE
    NO MAXVALUE
    CACHE 1;


ALTER SEQUENCE public.municipios_id_seq OWNER TO postgres;

--
-- Name: municipios_id_seq; Type: SEQUENCE OWNED BY; Schema: public; Owner: postgres
--

ALTER SEQUENCE public.municipios_id_seq OWNED BY public.municipios.id;


--
-- Name: precios_materiales; Type: TABLE; Schema: public; Owner: postgres
--

CREATE TABLE public.precios_materiales (
    id integer NOT NULL,
    date date,
    year integer,
    scrap real,
    gas real,
    rebar real,
    hrcc1 real,
    scrap_mxn real,
    gas_mxn real,
    rebar_mxn real,
    hrcc1_mxn real,
    tipo_de_cambio real,
    varilla_distribuidor real,
    varilla_credito real,
    precio_mercado real
);


ALTER TABLE public.precios_materiales OWNER TO postgres;

--
-- Name: precios_materiales_id_seq; Type: SEQUENCE; Schema: public; Owner: postgres
--

CREATE SEQUENCE public.precios_materiales_id_seq
    AS integer
    START WITH 1
    INCREMENT BY 1
    NO MINVALUE
    NO MAXVALUE
    CACHE 1;


ALTER SEQUENCE public.precios_materiales_id_seq OWNER TO postgres;

--
-- Name: precios_materiales_id_seq; Type: SEQUENCE OWNED BY; Schema: public; Owner: postgres
--

ALTER SEQUENCE public.precios_materiales_id_seq OWNED BY public.precios_materiales.id;


--
-- Name: regiones; Type: TABLE; Schema: public; Owner: postgres
--

CREATE TABLE public.regiones (
    id integer NOT NULL,
    estado_id integer NOT NULL,
    nombre character varying(100) NOT NULL,
    created_at timestamp without time zone DEFAULT CURRENT_TIMESTAMP
);


ALTER TABLE public.regiones OWNER TO postgres;

--
-- Name: regiones_id_seq; Type: SEQUENCE; Schema: public; Owner: postgres
--

CREATE SEQUENCE public.regiones_id_seq
    AS integer
    START WITH 1
    INCREMENT BY 1
    NO MINVALUE
    NO MAXVALUE
    CACHE 1;


ALTER SEQUENCE public.regiones_id_seq OWNER TO postgres;

--
-- Name: regiones_id_seq; Type: SEQUENCE OWNED BY; Schema: public; Owner: postgres
--

ALTER SEQUENCE public.regiones_id_seq OWNED BY public.regiones.id;


--
-- Name: usuarios; Type: TABLE; Schema: public; Owner: postgres
--

CREATE TABLE public.usuarios (
    id integer NOT NULL,
    firebase_uid character varying(128) NOT NULL,
    email character varying(255),
    nombre character varying(255),
    foto_url text,
    telefono character varying(20),
    empresa character varying(255),
    total_cotizaciones integer DEFAULT 0,
    ultima_cotizacion timestamp without time zone,
    fecha_registro timestamp without time zone DEFAULT CURRENT_TIMESTAMP,
    ultimo_acceso timestamp without time zone DEFAULT CURRENT_TIMESTAMP,
    activo boolean DEFAULT true
);


ALTER TABLE public.usuarios OWNER TO postgres;

--
-- Name: usuarios_id_seq; Type: SEQUENCE; Schema: public; Owner: postgres
--

CREATE SEQUENCE public.usuarios_id_seq
    AS integer
    START WITH 1
    INCREMENT BY 1
    NO MINVALUE
    NO MAXVALUE
    CACHE 1;


ALTER SEQUENCE public.usuarios_id_seq OWNER TO postgres;

--
-- Name: usuarios_id_seq; Type: SEQUENCE OWNED BY; Schema: public; Owner: postgres
--

ALTER SEQUENCE public.usuarios_id_seq OWNED BY public.usuarios.id;


--
-- Name: v_latest_market_data; Type: VIEW; Schema: public; Owner: postgres
--

CREATE VIEW public.v_latest_market_data AS
 SELECT DISTINCT ON (asset_name) id,
    date,
    asset_name,
    open,
    high,
    low,
    close,
    volume,
    created_at,
    updated_at
   FROM public.market_data
  ORDER BY asset_name, date DESC;


ALTER VIEW public.v_latest_market_data OWNER TO postgres;

--
-- Name: v_market_data_stats; Type: VIEW; Schema: public; Owner: postgres
--

CREATE VIEW public.v_market_data_stats AS
 SELECT asset_name,
    count(*) AS total_records,
    min(date) AS first_date,
    max(date) AS last_date,
    count(DISTINCT date) AS unique_dates,
    count(
        CASE
            WHEN (volume = 0) THEN 1
            ELSE NULL::integer
        END) AS zero_volume_count,
    avg(close) AS avg_close_price,
    min(close) AS min_close_price,
    max(close) AS max_close_price,
    max(updated_at) AS last_updated
   FROM public.market_data
  GROUP BY asset_name
  ORDER BY asset_name;


ALTER VIEW public.v_market_data_stats OWNER TO postgres;

--
-- Name: cotizaciones id; Type: DEFAULT; Schema: public; Owner: postgres
--

ALTER TABLE ONLY public.cotizaciones ALTER COLUMN id SET DEFAULT nextval('public.cotizaciones_id_seq'::regclass);


--
-- Name: estados id; Type: DEFAULT; Schema: public; Owner: postgres
--

ALTER TABLE ONLY public.estados ALTER COLUMN id SET DEFAULT nextval('public.estados_id_seq'::regclass);


--
-- Name: market_data id; Type: DEFAULT; Schema: public; Owner: postgres
--

ALTER TABLE ONLY public.market_data ALTER COLUMN id SET DEFAULT nextval('public.market_data_id_seq'::regclass);


--
-- Name: municipios id; Type: DEFAULT; Schema: public; Owner: postgres
--

ALTER TABLE ONLY public.municipios ALTER COLUMN id SET DEFAULT nextval('public.municipios_id_seq'::regclass);


--
-- Name: precios_materiales id; Type: DEFAULT; Schema: public; Owner: postgres
--

ALTER TABLE ONLY public.precios_materiales ALTER COLUMN id SET DEFAULT nextval('public.precios_materiales_id_seq'::regclass);


--
-- Name: regiones id; Type: DEFAULT; Schema: public; Owner: postgres
--

ALTER TABLE ONLY public.regiones ALTER COLUMN id SET DEFAULT nextval('public.regiones_id_seq'::regclass);


--
-- Name: usuarios id; Type: DEFAULT; Schema: public; Owner: postgres
--

ALTER TABLE ONLY public.usuarios ALTER COLUMN id SET DEFAULT nextval('public.usuarios_id_seq'::regclass);


--
-- Data for Name: cotizaciones; Type: TABLE DATA; Schema: public; Owner: postgres
--

COPY public.cotizaciones (id, codigo_postal, municipio_id, peso, material, precio_material, tarifa_transporte, precio_total, tipo_cambio, fecha, usuario_id, firebase_uid, session_id, created_at, updated_at) FROM stdin;
1	45010	119	25.00	scrap	6652.47	0.00	6652.47	18.0543	2025-12-16 15:39:47.076116	1	3pv373JzilaXOC7C4Dq66FOqF2v1	x_session_id	2025-12-16 15:39:47.076116	2025-12-16 15:39:47.076116
2	45010	119	25.00	chatarra	6652.47	0.00	6652.47	18.0543	2025-12-16 15:39:57.236852	1	3pv373JzilaXOC7C4Dq66FOqF2v1	x_session_id	2025-12-16 15:39:57.236852	2025-12-16 15:39:57.236852
3	45010	119	25.00	chatarra	6652.47	0.00	6652.47	18.0543	2025-12-16 15:40:09.070084	1	3pv373JzilaXOC7C4Dq66FOqF2v1	x_session_id	2025-12-16 15:40:09.070084	2025-12-16 15:40:09.070084
4	45010	119	25.00	chatarra	6652.47	0.00	6652.47	18.0543	2025-12-16 15:41:31.186438	1	3pv373JzilaXOC7C4Dq66FOqF2v1	x_session_id	2025-12-16 15:41:31.186438	2025-12-16 15:41:31.186438
5	45010	119	25.00	chatarra	6652.47	0.00	6652.47	18.0543	2025-12-16 15:42:19.656041	1	3pv373JzilaXOC7C4Dq66FOqF2v1	x_session_id	2025-12-16 15:42:19.656041	2025-12-16 15:42:19.656041
6	46130	1	25.00	chatarra	6652.47	500.00	7152.47	18.0543	2025-12-16 15:56:08.380249	1	3pv373JzilaXOC7C4Dq66FOqF2v1	x_session_id	2025-12-16 15:56:08.380249	2025-12-16 15:56:08.380249
7	46130	1	25.00	chatarra	6652.47	500.00	15381.65	18.0543	2025-12-16 15:56:36.630369	1	3pv373JzilaXOC7C4Dq66FOqF2v1	x_session_id	2025-12-16 15:56:36.630369	2025-12-16 15:56:36.630369
8	46130	1	25.00	chatarra	6652.47	500.00	14304.94	18.0543	2025-12-16 15:57:57.575317	1	3pv373JzilaXOC7C4Dq66FOqF2v1	x_session_id	2025-12-16 15:57:57.575317	2025-12-16 15:57:57.575317
9	46130	1	25.00	chatarra	6652.47	500.00	14806.38	18.0543	2025-12-16 16:00:11.153941	1	3pv373JzilaXOC7C4Dq66FOqF2v1	x_session_id	2025-12-16 16:00:11.153941	2025-12-16 16:00:11.153941
10	46130	1	31.00	chatarra	6652.47	300.00	14606.38	18.0543	2025-12-16 16:00:40.048552	1	3pv373JzilaXOC7C4Dq66FOqF2v1	x_session_id	2025-12-16 16:00:40.048552	2025-12-16 16:00:40.048552
11	46130	1	101.00	chatarra	6652.47	200.00	14506.38	18.0543	2025-12-16 16:00:49.607146	1	3pv373JzilaXOC7C4Dq66FOqF2v1	x_session_id	2025-12-16 16:00:49.607146	2025-12-16 16:00:49.607146
12	46130	1	501.00	chatarra	6652.47	100.00	14406.38	18.0543	2025-12-16 16:01:00.910146	1	3pv373JzilaXOC7C4Dq66FOqF2v1	x_session_id	2025-12-16 16:01:00.910146	2025-12-16 16:01:00.910146
13	45010	119	150.00	chatarra	6652.47	-100.00	14206.38	18.0543	2025-12-16 17:18:50.424021	1	3pv373JzilaXOC7C4Dq66FOqF2v1	x_session_id	2025-12-16 17:18:50.424021	2025-12-16 17:18:50.424021
14	45010	119	300.00	chatarra	6652.47	-150.00	14156.38	18.0543	2025-12-16 17:33:30.743267	1	3pv373JzilaXOC7C4Dq66FOqF2v1	x_session_id	2025-12-16 17:33:30.743267	2025-12-16 17:33:30.743267
15	46130	1	300.00	chatarra	6652.47	150.00	14456.38	18.0543	2025-12-16 17:34:50.808319	1	3pv373JzilaXOC7C4Dq66FOqF2v1	x_session_id	2025-12-16 17:34:50.808319	2025-12-16 17:34:50.808319
16	46200	2	500.00	chatarra	6652.47	150.00	14456.38	18.0543	2025-12-16 17:59:36.75482	1	3pv373JzilaXOC7C4Dq66FOqF2v1	x_session_id	2025-12-16 17:59:36.75482	2025-12-16 17:59:36.75482
17	46530	92	300.00	chatarra	6652.47	-50.00	14256.38	18.0543	2025-12-18 08:51:06.745608	1	3pv373JzilaXOC7C4Dq66FOqF2v1	x_session_id	2025-12-18 08:51:06.745608	2025-12-18 08:51:06.745608
18	45010	119	501.04	chatarra	6652.47	-200.00	14106.38	18.0543	2025-12-18 08:51:37.595424	1	3pv373JzilaXOC7C4Dq66FOqF2v1	x_session_id	2025-12-18 08:51:37.595424	2025-12-18 08:51:37.595424
19	46200	2	300.00	varilla	10245.82	150.00	22184.01	18.0543	2025-12-18 17:57:52.892621	1	3pv373JzilaXOC7C4Dq66FOqF2v1	x_session_id	2025-12-18 17:57:52.892621	2025-12-18 17:57:52.892621
20	46200	2	300.00	chatarra	6652.47	150.00	14456.38	18.0543	2025-12-18 17:59:59.697597	1	3pv373JzilaXOC7C4Dq66FOqF2v1	x_session_id	2025-12-18 17:59:59.697597	2025-12-18 17:59:59.697597
21	48261	88	300.00	chatarra	6652.47	-50.00	14256.38	18.0543	2025-12-18 18:02:21.223794	1	3pv373JzilaXOC7C4Dq66FOqF2v1	x_session_id	2025-12-18 18:02:21.223794	2025-12-18 18:02:21.223794
22	48268	88	18.00	chatarra	6652.47	300.00	14606.38	18.0543	2025-12-18 18:03:58.590015	1	3pv373JzilaXOC7C4Dq66FOqF2v1	x_session_id	2025-12-18 18:03:58.590015	2025-12-18 18:03:58.590015
23	48268	88	15.00	chatarra	6652.47	300.00	14606.38	18.0543	2025-12-18 18:06:28.123761	1	3pv373JzilaXOC7C4Dq66FOqF2v1	x_session_id	2025-12-18 18:06:28.123761	2025-12-18 18:06:28.123761
24	48268	88	500.00	chatarra	6652.47	-50.00	14256.38	18.0543	2025-12-18 18:06:50.245735	1	3pv373JzilaXOC7C4Dq66FOqF2v1	x_session_id	2025-12-18 18:06:50.245735	2025-12-18 18:06:50.245735
25	45010	119	150.00	varilla	10245.82	-100.00	21934.01	18.0543	2025-12-18 18:30:00.325058	1	3pv373JzilaXOC7C4Dq66FOqF2v1	x_session_id	2025-12-18 18:30:00.325058	2025-12-18 18:30:00.325058
26	45010	119	300.00	varilla	10245.82	-150.00	21884.01	18.0543	2025-12-18 18:40:01.673253	1	3pv373JzilaXOC7C4Dq66FOqF2v1	x_session_id	2025-12-18 18:40:01.673253	2025-12-18 18:40:01.673253
27	45010	119	300.00	chatarra	14251.93	-150.00	30499.31	18.0543	2025-12-18 18:42:04.51458	1	3pv373JzilaXOC7C4Dq66FOqF2v1	x_session_id	2025-12-18 18:42:04.51458	2025-12-18 18:42:04.51458
28	45010	119	300.00	chatarra	14251.93	-150.00	30499.31	18.0543	2025-12-18 18:42:38.668799	1	3pv373JzilaXOC7C4Dq66FOqF2v1	x_session_id	2025-12-18 18:42:38.668799	2025-12-18 18:42:38.668799
29	45010	119	300.00	chatarra	14251.93	-150.00	30499.31	18.0543	2025-12-18 18:44:43.851042	1	3pv373JzilaXOC7C4Dq66FOqF2v1	x_session_id	2025-12-18 18:44:43.851042	2025-12-18 18:44:43.851042
30	45010	119	150.00	varilla	14251.93	-100.00	30549.31	18.0543	2026-01-05 12:38:46.98633	1	3pv373JzilaXOC7C4Dq66FOqF2v1	x_session_id	2026-01-05 12:38:46.98633	2026-01-05 12:38:46.98633
31	45010	119	150.00	varilla	14251.93	-100.00	30549.31	18.0543	2026-01-05 12:40:40.52165	1	3pv373JzilaXOC7C4Dq66FOqF2v1	x_session_id	2026-01-05 12:40:40.52165	2026-01-05 12:40:40.52165
32	45010	119	150.00	chatarra	14251.93	-100.00	30549.31	18.0543	2026-01-05 12:44:45.086553	1	3pv373JzilaXOC7C4Dq66FOqF2v1	x_session_id	2026-01-05 12:44:45.086553	2026-01-05 12:44:45.086553
33	45010	119	150.00	varilla	14251.93	-100.00	30549.31	18.0543	2026-01-05 12:45:18.241695	1	3pv373JzilaXOC7C4Dq66FOqF2v1	x_session_id	2026-01-05 12:45:18.241695	2026-01-05 12:45:18.241695
34	45010	119	150.00	scrap	14251.93	-100.00	30549.31	18.0543	2026-01-05 12:45:35.20143	1	3pv373JzilaXOC7C4Dq66FOqF2v1	x_session_id	2026-01-05 12:45:35.20143	2026-01-05 12:45:35.20143
35	45010	119	150.00	varilla	14251.93	-100.00	30549.31	18.0543	2026-01-05 22:08:54.377084	1	3pv373JzilaXOC7C4Dq66FOqF2v1	x_session_id	2026-01-05 22:08:54.377084	2026-01-05 22:08:54.377084
36	45010	119	15.00	varilla	14251.93	0.00	30649.31	18.0543	2026-01-05 22:09:23.882471	1	3pv373JzilaXOC7C4Dq66FOqF2v1	x_session_id	2026-01-05 22:09:23.882471	2026-01-05 22:09:23.882471
37	45010	119	150.00	varilla	14313.17	-100.00	30681.01	17.8905	2026-01-05 23:37:41.234083	1	3pv373JzilaXOC7C4Dq66FOqF2v1	x_session_id	2026-01-05 23:37:41.234083	2026-01-05 23:37:41.234083
38	45010	119	150.00	varilla	14313.17	-100.00	30681.01	17.8905	2026-01-05 23:47:08.742041	1	3pv373JzilaXOC7C4Dq66FOqF2v1	x_session_id	2026-01-05 23:47:08.742041	2026-01-05 23:47:08.742041
39	45010	119	150.00	varilla	14313.17	-100.00	2131975.50	17.8905	2026-01-06 09:16:36.094065	1	3pv373JzilaXOC7C4Dq66FOqF2v1	x_session_id	2026-01-06 09:16:36.094065	2026-01-06 09:16:36.094065
40	45010	119	150.00	varilla	14313.17	-100.00	2131975.50	17.8905	2026-01-06 09:25:46.3586	1	3pv373JzilaXOC7C4Dq66FOqF2v1	x_session_id	2026-01-06 09:25:46.3586	2026-01-06 09:25:46.3586
41	45010	119	150.00	varilla	14313.17	-100.00	2131975.50	17.8905	2026-01-06 09:26:14.798037	1	3pv373JzilaXOC7C4Dq66FOqF2v1	x_session_id	2026-01-06 09:26:14.798037	2026-01-06 09:26:14.798037
42	45010	119	150.00	varilla	14313.17	-100.00	2131975.50	17.8905	2026-01-06 09:28:32.915824	1	3pv373JzilaXOC7C4Dq66FOqF2v1	x_session_id	2026-01-06 09:28:32.915824	2026-01-06 09:28:32.915824
43	45010	119	150.00	varilla	14313.17	-100.00	2131975.50	17.8905	2026-01-06 09:29:12.35159	1	3pv373JzilaXOC7C4Dq66FOqF2v1	x_session_id	2026-01-06 09:29:12.35159	2026-01-06 09:29:12.35159
44	45010	119	150.00	varilla	14313.17	-100.00	2131975.50	17.8905	2026-01-06 09:30:01.907428	1	3pv373JzilaXOC7C4Dq66FOqF2v1	x_session_id	2026-01-06 09:30:01.907428	2026-01-06 09:30:01.907428
45	45010	119	150.00	varilla	14313.17	-100.00	2131975.50	17.8905	2026-01-06 09:30:30.537848	1	3pv373JzilaXOC7C4Dq66FOqF2v1	x_session_id	2026-01-06 09:30:30.537848	2026-01-06 09:30:30.537848
46	45010	119	150.00	varilla	14313.17	-100.00	2131975.50	17.8905	2026-01-06 09:32:12.629744	1	3pv373JzilaXOC7C4Dq66FOqF2v1	x_session_id	2026-01-06 09:32:12.629744	2026-01-06 09:32:12.629744
47	45010	119	150.00	chatarra	14313.17	-100.00	2131975.50	17.8905	2026-01-06 09:33:35.823172	1	3pv373JzilaXOC7C4Dq66FOqF2v1	x_session_id	2026-01-06 09:33:35.823172	2026-01-06 09:33:35.823172
48	46130	1	40.00	chatarra	14313.17	300.00	584526.80	17.8905	2026-01-06 09:35:03.398363	1	3pv373JzilaXOC7C4Dq66FOqF2v1	x_session_id	2026-01-06 09:35:03.398363	2026-01-06 09:35:03.398363
49	45010	119	150.00	varilla	14313.17	-100.00	2131975.50	17.8905	2026-01-06 09:40:26.641614	1	3pv373JzilaXOC7C4Dq66FOqF2v1	x_session_id	2026-01-06 09:40:26.641614	2026-01-06 09:40:26.641614
50	46130	1	40.00	varilla	14313.17	300.00	584526.80	17.8905	2026-01-06 09:41:30.779948	1	3pv373JzilaXOC7C4Dq66FOqF2v1	x_session_id	2026-01-06 09:41:30.779948	2026-01-06 09:41:30.779948
51	45010	119	150.00	varilla	14313.17	-100.00	2131975.50	17.8905	2026-01-07 12:25:49.957584	1	3pv373JzilaXOC7C4Dq66FOqF2v1	x_session_id	2026-01-07 12:25:49.957584	2026-01-07 12:25:49.957584
52	45010	119	150.00	varilla	14313.17	-100.00	2131975.50	17.8905	2026-01-12 11:12:09.826467	1	3pv373JzilaXOC7C4Dq66FOqF2v1	x_session_id	2026-01-12 11:12:09.826467	2026-01-12 11:12:09.826467
53	45010	119	300.00	varilla	14313.17	-150.00	4248951.00	17.8905	2026-01-12 11:12:43.624148	1	3pv373JzilaXOC7C4Dq66FOqF2v1	x_session_id	2026-01-12 11:12:43.624148	2026-01-12 11:12:43.624148
54	45010	119	15.00	varilla	14313.17	0.00	214697.55	17.8905	2026-01-12 11:13:40.861876	1	3pv373JzilaXOC7C4Dq66FOqF2v1	x_session_id	2026-01-12 11:13:40.861876	2026-01-12 11:13:40.861876
55	44100	115	150.00	varilla	14313.17	-100.00	2131975.50	17.8905	2026-01-12 11:53:19.290483	1	3pv373JzilaXOC7C4Dq66FOqF2v1	x_session_id	2026-01-12 11:53:19.290483	2026-01-12 11:53:19.290483
56	44100	115	200.00	varilla	14313.17	-100.00	2842634.00	17.8905	2026-01-12 11:53:19.320842	1	3pv373JzilaXOC7C4Dq66FOqF2v1	x_session_id	2026-01-12 11:53:19.320842	2026-01-12 11:53:19.320842
57	44100	115	150.00	varilla	14313.17	-100.00	2131975.50	17.8905	2026-01-12 11:55:51.019887	1	3pv373JzilaXOC7C4Dq66FOqF2v1	x_session_id	2026-01-12 11:55:51.019887	2026-01-12 11:55:51.019887
58	44100	115	150.00	varilla	14313.17	-100.00	2131975.50	17.8905	2026-01-12 11:55:51.02641	1	3pv373JzilaXOC7C4Dq66FOqF2v1	x_session_id	2026-01-12 11:55:51.02641	2026-01-12 11:55:51.02641
59	44100	115	201.00	varilla	14313.17	-150.00	2846797.17	17.8905	2026-01-12 11:55:51.029751	1	3pv373JzilaXOC7C4Dq66FOqF2v1	x_session_id	2026-01-12 11:55:51.029751	2026-01-12 11:55:51.029751
60	44100	115	201.00	varilla	14313.17	-150.00	2846797.17	17.8905	2026-01-12 11:55:51.032521	1	3pv373JzilaXOC7C4Dq66FOqF2v1	x_session_id	2026-01-12 11:55:51.032521	2026-01-12 11:55:51.032521
61	44100	115	150.00	varilla	14313.17	-100.00	2131975.50	17.8905	2026-01-12 11:56:35.821659	1	3pv373JzilaXOC7C4Dq66FOqF2v1	x_session_id	2026-01-12 11:56:35.821659	2026-01-12 11:56:35.821659
62	44100	115	190.00	varilla	14313.17	-100.00	2700502.30	17.8905	2026-01-12 11:57:33.324076	1	3pv373JzilaXOC7C4Dq66FOqF2v1	x_session_id	2026-01-12 11:57:33.324076	2026-01-12 11:57:33.324076
63	44100	115	201.00	varilla	14313.17	-150.00	2846797.17	17.8905	2026-01-12 11:57:33.329676	1	3pv373JzilaXOC7C4Dq66FOqF2v1	x_session_id	2026-01-12 11:57:33.329676	2026-01-12 11:57:33.329676
64	44100	115	190.00	varilla	14313.17	-100.00	2700502.30	17.8905	2026-01-12 11:58:16.406263	1	3pv373JzilaXOC7C4Dq66FOqF2v1	x_session_id	2026-01-12 11:58:16.406263	2026-01-12 11:58:16.406263
65	44100	115	190.00	varilla	14313.17	-100.00	2700502.30	17.8905	2026-01-12 15:28:13.502178	1	3pv373JzilaXOC7C4Dq66FOqF2v1	x_session_id	2026-01-12 15:28:13.502178	2026-01-12 15:28:13.502178
66	44100	115	190.00	varilla	14313.17	-100.00	2700502.30	17.8905	2026-01-12 15:28:13.535729	1	3pv373JzilaXOC7C4Dq66FOqF2v1	x_session_id	2026-01-12 15:28:13.535729	2026-01-12 15:28:13.535729
67	44100	115	201.00	varilla	14313.17	-150.00	2846797.17	17.8905	2026-01-12 15:28:13.538284	1	3pv373JzilaXOC7C4Dq66FOqF2v1	x_session_id	2026-01-12 15:28:13.538284	2026-01-12 15:28:13.538284
68	44100	115	201.00	varilla	14313.17	-150.00	2846797.17	17.8905	2026-01-12 15:28:13.540312	1	3pv373JzilaXOC7C4Dq66FOqF2v1	x_session_id	2026-01-12 15:28:13.540312	2026-01-12 15:28:13.540312
69	44100	115	190.00	varilla	14313.17	-100.00	2700502.30	17.8905	2026-01-12 15:28:22.109077	1	3pv373JzilaXOC7C4Dq66FOqF2v1	x_session_id	2026-01-12 15:28:22.109077	2026-01-12 15:28:22.109077
70	44100	115	190.00	varilla	14173.41	-100.00	2673947.90	17.9075	2026-01-12 16:01:30.256326	1	3pv373JzilaXOC7C4Dq66FOqF2v1	x_session_id	2026-01-12 16:01:30.256326	2026-01-12 16:01:30.256326
71	44100	115	201.00	varilla	14173.41	-150.00	2818705.41	17.9075	2026-01-12 16:01:30.275987	1	3pv373JzilaXOC7C4Dq66FOqF2v1	x_session_id	2026-01-12 16:01:30.275987	2026-01-12 16:01:30.275987
72	44100	115	190.00	varilla	14173.41	-100.00	2673947.90	17.9075	2026-01-12 16:55:12.407315	1	3pv373JzilaXOC7C4Dq66FOqF2v1	x_session_id	2026-01-12 16:55:12.407315	2026-01-12 16:55:12.407315
73	44100	115	190.00	varilla	14173.41	-100.00	2673947.90	17.9075	2026-01-12 16:55:12.421904	1	3pv373JzilaXOC7C4Dq66FOqF2v1	x_session_id	2026-01-12 16:55:12.421904	2026-01-12 16:55:12.421904
74	44100	115	201.00	varilla	14173.41	-150.00	2818705.41	17.9075	2026-01-12 16:55:12.426592	1	3pv373JzilaXOC7C4Dq66FOqF2v1	x_session_id	2026-01-12 16:55:12.426592	2026-01-12 16:55:12.426592
75	44100	115	201.00	varilla	14173.41	-150.00	2818705.41	17.9075	2026-01-12 16:55:12.43227	1	3pv373JzilaXOC7C4Dq66FOqF2v1	x_session_id	2026-01-12 16:55:12.43227	2026-01-12 16:55:12.43227
76	47270	10	190.00	varilla	14173.41	100.00	2711947.90	17.9075	2026-01-12 16:57:21.345859	1	3pv373JzilaXOC7C4Dq66FOqF2v1	x_session_id	2026-01-12 16:57:21.345859	2026-01-12 16:57:21.345859
77	47270	10	201.00	varilla	14173.41	50.00	2858905.41	17.9075	2026-01-12 16:57:21.356772	1	3pv373JzilaXOC7C4Dq66FOqF2v1	x_session_id	2026-01-12 16:57:21.356772	2026-01-12 16:57:21.356772
78	47270	10	190.00	varilla	14173.41	100.00	2711947.90	17.9075	2026-01-12 16:57:24.871988	1	3pv373JzilaXOC7C4Dq66FOqF2v1	x_session_id	2026-01-12 16:57:24.871988	2026-01-12 16:57:24.871988
79	47270	10	189.96	varilla	14173.41	100.00	2711376.96	17.9075	2026-01-12 17:06:23.903572	1	3pv373JzilaXOC7C4Dq66FOqF2v1	x_session_id	2026-01-12 17:06:23.903572	2026-01-12 17:06:23.903572
80	47270	10	201.00	varilla	14173.41	50.00	2858905.41	17.9075	2026-01-12 17:06:23.923532	1	3pv373JzilaXOC7C4Dq66FOqF2v1	x_session_id	2026-01-12 17:06:23.923532	2026-01-12 17:06:23.923532
81	47270	10	189.96	varilla	14173.41	100.00	2711376.96	17.9075	2026-01-12 17:06:31.238323	1	3pv373JzilaXOC7C4Dq66FOqF2v1	x_session_id	2026-01-12 17:06:31.238323	2026-01-12 17:06:31.238323
\.


--
-- Data for Name: estados; Type: TABLE DATA; Schema: public; Owner: postgres
--

COPY public.estados (id, nombre, codigo, created_at) FROM stdin;
1	Jalisco	JAL	2025-12-16 14:51:25.840361
\.


--
-- Data for Name: market_data; Type: TABLE DATA; Schema: public; Owner: postgres
--

COPY public.market_data (id, date, asset_name, open, high, low, close, volume, created_at, updated_at) FROM stdin;
1	2025-01-15	Natural Gas	3.4500	3.5000	3.4000	3.4800	1000000	2025-11-25 22:06:07.665538	2025-11-25 22:06:14.916467
\.


--
-- Data for Name: municipios; Type: TABLE DATA; Schema: public; Owner: postgres
--

COPY public.municipios (id, region_id, estado_id, nombre, cp_inicio, cp_fin, tarifa_15_30, tarifa_30_100, tarifa_100_200, tarifa_200_500, tarifa_mayor_500, created_at, updated_at) FROM stdin;
1	1	1	Bolaños	46130	46157	500.00	300.00	200.00	150.00	100.00	2025-12-16 14:53:25.94316	2025-12-16 14:53:25.94316
2	1	1	Colotlán	46200	46239	500.00	300.00	200.00	150.00	100.00	2025-12-16 14:53:25.94316	2025-12-16 14:53:25.94316
3	1	1	Huejuquilla el Alto	46000	46037	500.00	300.00	200.00	150.00	100.00	2025-12-16 14:53:25.94316	2025-12-16 14:53:25.94316
4	1	1	San Martín de Bolaños	46350	46386	500.00	300.00	200.00	150.00	100.00	2025-12-16 14:53:25.94316	2025-12-16 14:53:25.94316
5	1	1	Totatiche	46170	46197	500.00	300.00	200.00	150.00	100.00	2025-12-16 14:53:25.94316	2025-12-16 14:53:25.94316
6	1	1	Chimaltitán	46300	46330	500.00	300.00	200.00	150.00	100.00	2025-12-16 14:53:25.94316	2025-12-16 14:53:25.94316
7	1	1	Mezquitic	46040	46087	500.00	300.00	200.00	150.00	100.00	2025-12-16 14:53:25.94316	2025-12-16 14:53:25.94316
8	1	1	Santa María de los Ángeles	46240	46259	500.00	300.00	200.00	150.00	100.00	2025-12-16 14:53:25.94316	2025-12-16 14:53:25.94316
9	1	1	Villa Guerrero	46100	46127	500.00	300.00	200.00	150.00	100.00	2025-12-16 14:53:25.94316	2025-12-16 14:53:25.94316
10	2	1	Encarnación de Díaz	47270	47298	400.00	200.00	100.00	50.00	0.00	2025-12-16 14:55:23.099117	2025-12-16 14:55:23.099117
11	2	1	Ojuelos de Jalisco	47540	47566	400.00	200.00	100.00	50.00	0.00	2025-12-16 14:55:23.099117	2025-12-16 14:55:23.099117
12	2	1	San Juan de los Lagos	47000	47119	400.00	200.00	100.00	50.00	0.00	2025-12-16 14:55:23.099117	2025-12-16 14:55:23.099117
13	2	1	Unión de San Antonio	47570	47588	400.00	200.00	100.00	50.00	0.00	2025-12-16 14:55:23.099117	2025-12-16 14:55:23.099117
14	2	1	Lagos de Moreno	47400	47539	400.00	200.00	100.00	50.00	0.00	2025-12-16 14:55:23.099117	2025-12-16 14:55:23.099117
15	2	1	San Diego de Alejandría	47590	47599	400.00	200.00	100.00	50.00	0.00	2025-12-16 14:55:23.099117	2025-12-16 14:55:23.099117
16	2	1	Teocaltiche	47200	47249	400.00	200.00	100.00	50.00	0.00	2025-12-16 14:55:23.099117	2025-12-16 14:55:23.099117
17	2	1	Villa Hidalgo	47250	47269	400.00	200.00	100.00	50.00	0.00	2025-12-16 14:55:23.099117	2025-12-16 14:55:23.099117
18	1	1	Huejúcar	46260	46299	500.00	300.00	200.00	150.00	100.00	2025-12-16 14:58:56.311608	2025-12-16 14:58:56.311608
19	3	1	Acatic	45470	45479	300.00	100.00	0.00	-50.00	-100.00	2025-12-16 15:01:34.371448	2025-12-16 15:01:34.371448
20	3	1	Cañadas de Obregón	47360	47378	300.00	100.00	0.00	-50.00	-100.00	2025-12-16 15:01:34.371448	2025-12-16 15:01:34.371448
21	3	1	Jesús María	47950	47977	300.00	100.00	0.00	-50.00	-100.00	2025-12-16 15:01:34.371448	2025-12-16 15:01:34.371448
22	3	1	San Ignacio Cerro Gordo	47190	47195	300.00	100.00	0.00	-50.00	-100.00	2025-12-16 15:01:34.371448	2025-12-16 15:01:34.371448
23	3	1	San Miguel el Alto	47140	47160	300.00	100.00	0.00	-50.00	-100.00	2025-12-16 15:01:34.371448	2025-12-16 15:01:34.371448
24	3	1	Valle de Guadalupe	47380	47398	300.00	100.00	0.00	-50.00	-100.00	2025-12-16 15:01:34.371448	2025-12-16 15:01:34.371448
25	3	1	Arandas	47180	47197	300.00	100.00	0.00	-50.00	-100.00	2025-12-16 15:01:34.371448	2025-12-16 15:01:34.371448
26	3	1	Jalostotitlán	47120	47139	300.00	100.00	0.00	-50.00	-100.00	2025-12-16 15:01:34.371448	2025-12-16 15:01:34.371448
27	3	1	Mexticacán	47340	47359	300.00	100.00	0.00	-50.00	-100.00	2025-12-16 15:01:34.371448	2025-12-16 15:01:34.371448
28	3	1	San Julián	47170	47179	300.00	100.00	0.00	-50.00	-100.00	2025-12-16 15:01:34.371448	2025-12-16 15:01:34.371448
29	3	1	Tepatitlán de Morelos	47600	47728	300.00	100.00	0.00	-50.00	-100.00	2025-12-16 15:01:34.371448	2025-12-16 15:01:34.371448
30	3	1	Yahualica de González Gallo	47300	47339	300.00	100.00	0.00	-50.00	-100.00	2025-12-16 15:01:34.371448	2025-12-16 15:01:34.371448
31	4	1	Atotonilco el Alto	47750	47779	300.00	100.00	0.00	-50.00	-100.00	2025-12-16 15:02:38.042234	2025-12-16 15:02:38.042234
32	4	1	Degollado	47980	47998	300.00	100.00	0.00	-50.00	-100.00	2025-12-16 15:02:38.042234	2025-12-16 15:02:38.042234
33	4	1	La Barca	47910	47927	300.00	100.00	0.00	-50.00	-100.00	2025-12-16 15:02:38.042234	2025-12-16 15:02:38.042234
34	4	1	Poncitlán	45950	45979	300.00	100.00	0.00	-50.00	-100.00	2025-12-16 15:02:38.042234	2025-12-16 15:02:38.042234
35	4	1	Zapotlán del Rey	45980	45998	300.00	100.00	0.00	-50.00	-100.00	2025-12-16 15:02:38.042234	2025-12-16 15:02:38.042234
36	4	1	Ayotlán	47930	47949	300.00	100.00	0.00	-50.00	-100.00	2025-12-16 15:02:38.042234	2025-12-16 15:02:38.042234
37	4	1	Jamay	47900	47909	300.00	100.00	0.00	-50.00	-100.00	2025-12-16 15:02:38.042234	2025-12-16 15:02:38.042234
38	4	1	Ocotlán	47780	47899	300.00	100.00	0.00	-50.00	-100.00	2025-12-16 15:02:38.042234	2025-12-16 15:02:38.042234
39	4	1	Tototlán	47730	47748	300.00	100.00	0.00	-50.00	-100.00	2025-12-16 15:02:38.042234	2025-12-16 15:02:38.042234
40	5	1	Chapala	45900	45946	200.00	0.00	-100.00	-150.00	-200.00	2025-12-16 15:03:27.665213	2025-12-16 15:03:27.665213
41	5	1	Jocotepec	45800	45840	200.00	0.00	-100.00	-150.00	-200.00	2025-12-16 15:03:27.665213	2025-12-16 15:03:27.665213
42	5	1	Mazamitla	49500	49537	400.00	200.00	100.00	50.00	0.00	2025-12-16 15:03:27.665213	2025-12-16 15:03:27.665213
43	5	1	Santa María del Oro	49970	49994	400.00	200.00	100.00	50.00	0.00	2025-12-16 15:03:27.665213	2025-12-16 15:03:27.665213
44	5	1	Tuxcueca	49430	49446	400.00	200.00	100.00	50.00	0.00	2025-12-16 15:03:27.665213	2025-12-16 15:03:27.665213
45	5	1	Concepción de Buenos Aires	49170	49178	400.00	200.00	100.00	50.00	0.00	2025-12-16 15:03:27.665213	2025-12-16 15:03:27.665213
46	5	1	La Manzanilla de la Paz	49460	49490	400.00	200.00	100.00	50.00	0.00	2025-12-16 15:03:27.665213	2025-12-16 15:03:27.665213
47	5	1	Quitupan	49570	49598	400.00	200.00	100.00	50.00	0.00	2025-12-16 15:03:27.665213	2025-12-16 15:03:27.665213
48	5	1	Tizapán el Alto	49400	49427	400.00	200.00	100.00	50.00	0.00	2025-12-16 15:03:27.665213	2025-12-16 15:03:27.665213
49	5	1	Valle de Juárez	49540	49548	400.00	200.00	100.00	50.00	0.00	2025-12-16 15:03:27.665213	2025-12-16 15:03:27.665213
50	6	1	Gómez Farías	49120	49130	300.00	100.00	0.00	-50.00	-100.00	2025-12-16 15:04:08.524763	2025-12-16 15:04:08.524763
51	6	1	Pihuamo	49870	49897	300.00	100.00	0.00	-50.00	-100.00	2025-12-16 15:04:08.524763	2025-12-16 15:04:08.524763
52	6	1	Tamazula de Gordiano	49650	49690	300.00	100.00	0.00	-50.00	-100.00	2025-12-16 15:04:08.524763	2025-12-16 15:04:08.524763
53	6	1	Tolimán	49750	49769	300.00	100.00	0.00	-50.00	-100.00	2025-12-16 15:04:08.524763	2025-12-16 15:04:08.524763
54	6	1	Tuxpan	49800	49837	300.00	100.00	0.00	-50.00	-100.00	2025-12-16 15:04:08.524763	2025-12-16 15:04:08.524763
55	6	1	Zapotitlán de Vadillo	49768	49770	300.00	100.00	0.00	-50.00	-100.00	2025-12-16 15:04:08.524763	2025-12-16 15:04:08.524763
56	6	1	Jilotlán de los Dolores	49950	49968	300.00	100.00	0.00	-50.00	-100.00	2025-12-16 15:04:08.524763	2025-12-16 15:04:08.524763
57	6	1	San Gabriel	49700	49744	300.00	100.00	0.00	-50.00	-100.00	2025-12-16 15:04:08.524763	2025-12-16 15:04:08.524763
58	6	1	Tecalitlán	49900	49943	300.00	100.00	0.00	-50.00	-100.00	2025-12-16 15:04:08.524763	2025-12-16 15:04:08.524763
59	6	1	Tonila	49840	49869	300.00	100.00	0.00	-50.00	-100.00	2025-12-16 15:04:08.524763	2025-12-16 15:04:08.524763
60	6	1	Zapotiltic	49600	49647	300.00	100.00	0.00	-50.00	-100.00	2025-12-16 15:04:08.524763	2025-12-16 15:04:08.524763
61	6	1	Zapotlán el Grande	49000	49113	300.00	100.00	0.00	-50.00	-100.00	2025-12-16 15:04:08.524763	2025-12-16 15:04:08.524763
62	7	1	Atengo	48160	48199	600.00	400.00	300.00	250.00	200.00	2025-12-16 15:04:46.320164	2025-12-16 15:04:46.320164
63	7	1	Ayutla	48050	48098	600.00	400.00	300.00	250.00	200.00	2025-12-16 15:04:46.320164	2025-12-16 15:04:46.320164
64	7	1	Cuautla	48150	48159	600.00	400.00	300.00	250.00	200.00	2025-12-16 15:04:46.320164	2025-12-16 15:04:46.320164
65	7	1	El Grullo	48740	48753	600.00	400.00	300.00	250.00	200.00	2025-12-16 15:04:46.320164	2025-12-16 15:04:46.320164
66	7	1	Juchitlán	48600	48635	600.00	400.00	300.00	250.00	200.00	2025-12-16 15:04:46.320164	2025-12-16 15:04:46.320164
67	7	1	Tenamaxtlán	48570	48595	600.00	400.00	300.00	250.00	200.00	2025-12-16 15:04:46.320164	2025-12-16 15:04:46.320164
68	7	1	Autlán de Navarro	48900	48926	600.00	400.00	300.00	250.00	200.00	2025-12-16 15:04:46.320164	2025-12-16 15:04:46.320164
69	7	1	Chiquilistlán	48640	48655	600.00	400.00	300.00	250.00	200.00	2025-12-16 15:04:46.320164	2025-12-16 15:04:46.320164
70	7	1	Ejutla	48670	48686	600.00	400.00	300.00	250.00	200.00	2025-12-16 15:04:46.320164	2025-12-16 15:04:46.320164
71	7	1	El Limón	48700	48739	600.00	400.00	300.00	250.00	200.00	2025-12-16 15:04:46.320164	2025-12-16 15:04:46.320164
72	7	1	Tecolotlán	48540	48569	600.00	400.00	300.00	250.00	200.00	2025-12-16 15:04:46.320164	2025-12-16 15:04:46.320164
73	7	1	Tonaya	48760	48769	600.00	400.00	300.00	250.00	200.00	2025-12-16 15:04:46.320164	2025-12-16 15:04:46.320164
74	7	1	Tuxcacuesco	48770	48795	600.00	400.00	300.00	250.00	200.00	2025-12-16 15:04:46.320164	2025-12-16 15:04:46.320164
75	7	1	Unión de Tula	48000	48048	600.00	400.00	300.00	250.00	200.00	2025-12-16 15:04:46.320164	2025-12-16 15:04:46.320164
76	8	1	Casimiro Castillo	48930	48948	600.00	400.00	300.00	250.00	200.00	2025-12-16 15:05:41.009131	2025-12-16 15:05:41.009131
77	8	1	Cuautitlán de García Barragán	48950	48967	600.00	400.00	300.00	250.00	200.00	2025-12-16 15:05:41.009131	2025-12-16 15:05:41.009131
78	8	1	Tomatlán	48450	48499	600.00	400.00	300.00	250.00	200.00	2025-12-16 15:05:41.009131	2025-12-16 15:05:41.009131
79	8	1	Cihuatlán	48970	48995	600.00	400.00	300.00	250.00	200.00	2025-12-16 15:05:41.009131	2025-12-16 15:05:41.009131
80	8	1	La Huerta	48850	48898	600.00	400.00	300.00	250.00	200.00	2025-12-16 15:05:41.009131	2025-12-16 15:05:41.009131
81	8	1	Villa Purificación	48800	48847	600.00	400.00	300.00	250.00	200.00	2025-12-16 15:05:41.009131	2025-12-16 15:05:41.009131
82	9	1	Atenguillo	48100	48146	600.00	400.00	300.00	250.00	200.00	2025-12-16 15:06:25.113691	2025-12-16 15:06:25.113691
83	9	1	Guachinango	46800	46846	600.00	400.00	300.00	250.00	200.00	2025-12-16 15:06:25.113691	2025-12-16 15:06:25.113691
84	9	1	Mixtlán	46850	46860	600.00	400.00	300.00	250.00	200.00	2025-12-16 15:06:25.113691	2025-12-16 15:06:25.113691
85	9	1	San Sebastián del Oeste	46960	46997	600.00	400.00	300.00	250.00	200.00	2025-12-16 15:06:25.113691	2025-12-16 15:06:25.113691
86	9	1	Cabo Corrientes	48400	48448	600.00	400.00	300.00	250.00	200.00	2025-12-16 15:06:25.113691	2025-12-16 15:06:25.113691
87	9	1	Mascota	46900	46955	600.00	400.00	300.00	250.00	200.00	2025-12-16 15:06:25.113691	2025-12-16 15:06:25.113691
88	9	1	Puerto Vallarta	48260	48399	300.00	100.00	0.00	-50.00	-100.00	2025-12-16 15:06:25.113691	2025-12-16 15:06:25.113691
89	9	1	Talpa de Allende	48200	48259	600.00	400.00	300.00	250.00	200.00	2025-12-16 15:06:25.113691	2025-12-16 15:06:25.113691
90	10	1	Ahualulco de Mercado	46730	46758	300.00	100.00	0.00	-50.00	-100.00	2025-12-16 15:06:56.434915	2025-12-16 15:06:56.434915
91	10	1	Ameca	46600	46729	300.00	100.00	0.00	-50.00	-100.00	2025-12-16 15:06:56.434915	2025-12-16 15:06:56.434915
92	10	1	Etzatlán	46500	46535	300.00	100.00	0.00	-50.00	-100.00	2025-12-16 15:06:56.434915	2025-12-16 15:06:56.434915
93	10	1	Magdalena	46470	46495	300.00	100.00	0.00	-50.00	-100.00	2025-12-16 15:06:56.434915	2025-12-16 15:06:56.434915
94	10	1	San Marcos	46540	46545	300.00	100.00	0.00	-50.00	-100.00	2025-12-16 15:06:56.434915	2025-12-16 15:06:56.434915
95	10	1	Tequila	46400	46433	300.00	100.00	0.00	-50.00	-100.00	2025-12-16 15:06:56.434915	2025-12-16 15:06:56.434915
96	10	1	Amatitán	45380	45399	300.00	100.00	0.00	-50.00	-100.00	2025-12-16 15:06:56.434915	2025-12-16 15:06:56.434915
97	10	1	El Arenal	45350	45368	300.00	100.00	0.00	-50.00	-100.00	2025-12-16 15:06:56.434915	2025-12-16 15:06:56.434915
98	10	1	Hostotipaquillo	46440	46466	300.00	100.00	0.00	-50.00	-100.00	2025-12-16 15:06:56.434915	2025-12-16 15:06:56.434915
99	10	1	San Juanito de Escobedo	46560	46580	300.00	100.00	0.00	-50.00	-100.00	2025-12-16 15:06:56.434915	2025-12-16 15:06:56.434915
100	10	1	Tala	45300	45349	300.00	100.00	0.00	-50.00	-100.00	2025-12-16 15:06:56.434915	2025-12-16 15:06:56.434915
101	10	1	Teuchitlán	46760	46765	300.00	100.00	0.00	-50.00	-100.00	2025-12-16 15:06:56.434915	2025-12-16 15:06:56.434915
102	11	1	Acatlán de Juárez	45700	45725	400.00	200.00	100.00	50.00	0.00	2025-12-16 15:07:42.297688	2025-12-16 15:07:42.297688
103	11	1	Atemajac de Brizuela	45790	45799	400.00	200.00	100.00	50.00	0.00	2025-12-16 15:07:42.297688	2025-12-16 15:07:42.297688
104	11	1	Cocula	48500	48532	400.00	200.00	100.00	50.00	0.00	2025-12-16 15:07:42.297688	2025-12-16 15:07:42.297688
105	11	1	Sayula	49300	49339	400.00	200.00	100.00	50.00	0.00	2025-12-16 15:07:42.297688	2025-12-16 15:07:42.297688
106	11	1	Techaluta de Montenegro	49230	49240	400.00	200.00	100.00	50.00	0.00	2025-12-16 15:07:42.297688	2025-12-16 15:07:42.297688
107	11	1	Villa Corona	45730	45746	400.00	200.00	100.00	50.00	0.00	2025-12-16 15:07:42.297688	2025-12-16 15:07:42.297688
108	11	1	Amacueca	49370	49388	400.00	200.00	100.00	50.00	0.00	2025-12-16 15:07:42.297688	2025-12-16 15:07:42.297688
109	11	1	Atoyac	49200	49229	400.00	200.00	100.00	50.00	0.00	2025-12-16 15:07:42.297688	2025-12-16 15:07:42.297688
110	11	1	San Martín Hidalgo	46770	46799	400.00	200.00	100.00	50.00	0.00	2025-12-16 15:07:42.297688	2025-12-16 15:07:42.297688
111	11	1	Tapalpa	49340	49369	400.00	200.00	100.00	50.00	0.00	2025-12-16 15:07:42.297688	2025-12-16 15:07:42.297688
112	11	1	Teocuitatlán de Corona	49250	49296	400.00	200.00	100.00	50.00	0.00	2025-12-16 15:07:42.297688	2025-12-16 15:07:42.297688
113	11	1	Zacoalco de Torres	45750	45789	400.00	200.00	100.00	50.00	0.00	2025-12-16 15:07:42.297688	2025-12-16 15:07:42.297688
114	12	1	Cuquío	45480	45496	300.00	100.00	0.00	-50.00	-100.00	2025-12-16 15:08:19.795378	2025-12-16 15:08:19.795378
115	12	1	Guadalajara	44100	44990	0.00	0.00	-100.00	-150.00	-200.00	2025-12-16 15:08:19.795378	2025-12-16 15:08:19.795378
116	12	1	Ixtlahuacán del Río	45260	45299	200.00	0.00	-100.00	-150.00	-200.00	2025-12-16 15:08:19.795378	2025-12-16 15:08:19.795378
117	12	1	San Cristóbal de la Barranca	45250	45259	300.00	100.00	0.00	-50.00	-100.00	2025-12-16 15:08:19.795378	2025-12-16 15:08:19.795378
118	12	1	Tlajomulco de Zúñiga	45640	45679	0.00	0.00	-100.00	-150.00	-200.00	2025-12-16 15:08:19.795378	2025-12-16 15:08:19.795378
119	12	1	Zapopan	45010	45245	0.00	0.00	-100.00	-150.00	-200.00	2025-12-16 15:08:19.795378	2025-12-16 15:08:19.795378
120	12	1	El Salto	45680	45696	0.00	0.00	-100.00	-150.00	-200.00	2025-12-16 15:08:19.795378	2025-12-16 15:08:19.795378
121	12	1	Ixtlahuacán de los Membrillos	45850	45877	200.00	0.00	-100.00	-150.00	-200.00	2025-12-16 15:08:19.795378	2025-12-16 15:08:19.795378
122	12	1	Juanacatlán	45880	45899	200.00	0.00	-100.00	-150.00	-200.00	2025-12-16 15:08:19.795378	2025-12-16 15:08:19.795378
123	12	1	San Pedro Tlaquepaque	45500	45638	0.00	0.00	-100.00	-150.00	-200.00	2025-12-16 15:08:19.795378	2025-12-16 15:08:19.795378
124	12	1	Tonalá	45400	45429	0.00	0.00	-100.00	-150.00	-200.00	2025-12-16 15:08:19.795378	2025-12-16 15:08:19.795378
125	12	1	Zapotlanejo	45430	45465	200.00	0.00	-100.00	-150.00	-200.00	2025-12-16 15:08:19.795378	2025-12-16 15:08:19.795378
\.


--
-- Data for Name: precios_materiales; Type: TABLE DATA; Schema: public; Owner: postgres
--

COPY public.precios_materiales (id, date, year, scrap, gas, rebar, hrcc1, scrap_mxn, gas_mxn, rebar_mxn, hrcc1_mxn, tipo_de_cambio, varilla_distribuidor, varilla_credito, precio_mercado) FROM stdin;
85	2025-08-03	2025	351	2.99	542	835	6521.58	55.5542	10070.36	15514.3	18.58	13729.643	14009.839	14209.839
95	2025-05-25	2025	337.5	3.52	549.5	840	6557.625	68.3936	10676.785	16321.2	19.43	13805.526	14087.271	14287.271
104	2025-03-23	2025	375	4.07	573	890	7631.25	82.8245	11660.55	18111.5	20.35	16065.789	16393.662	16593.662
105	2025-03-16	2025	375	3.98	573.5	937	7582.5	80.4756	11596.17	18946.14	20.22	15963.158	16288.937	16488.938
106	2025-03-09	2025	377	4.1	576	939	7506.07	81.631	11468.16	18695.49	19.91	15802.253	16124.748	16324.748
107	2025-03-02	2025	372	4.45	572.5	925	7529.28	90.068	11587.4	18722	20.24	15851.116	16174.608	16374.608
108	2025-02-23	2025	366.5	3.83	573.5	912	7524.245	78.6299	11773.955	18723.36	20.53	15840.516	16163.792	16363.792
109	2025-02-16	2025	356	4.23	568.5	778	7265.96	86.3343	11603.085	15878.98	20.41	15296.758	15608.937	15808.937
110	2025-02-09	2025	357	3.73	568	768	7243.53	75.6817	11524.72	15582.72	20.29	15249.537	15560.752	15760.752
111	2025-02-02	2025	360	3.31	566.5	755	7405.2	68.0867	11652.905	15530.35	20.57	15589.895	15908.056	16108.056
112	2025-01-26	2025	364	3.04	576.5	740	7527.52	62.8672	11922.02	15303.2	20.68	15847.41	16170.827	16370.827
113	2025-01-19	2025	343	4.03	558	688	6949.18	81.6478	11305.08	13938.88	20.26	14629.853	14928.421	15128.421
114	2025-01-12	2025	343	3.95	556	695	7127.54	82.081	11553.68	14442.1	20.78	15005.348	15311.579	15511.579
115	2025-01-05	2025	343	3.99	560	704	7100.1	82.593	11592	14572.8	20.7	14947.579	15252.632	15452.632
116	2024-12-29	2024	346.5	3.35	569.5	708	7144.83	69.077	11743.09	14598.96	20.62	15041.747	15348.722	15548.722
117	2024-12-22	2024	343	3.51	564	730	6966.33	71.2881	11454.84	14826.3	20.31	14665.958	14965.263	15165.263
118	2024-12-15	2024	344	3.75	565.5	679	6897.2	75.1875	11338.275	13613.95	20.05	14520.421	14816.756	15016.756
119	2024-12-08	2024	344	3.28	561	675	6921.28	65.9936	11287.32	13581	20.12	14571.116	14868.485	15068.485
120	2024-12-01	2024	338	2.93	563	689	6824.22	59.1567	11366.97	13910.91	20.19	14366.779	14659.979	14859.979
121	2024-11-24	2024	340	3.36	563	700	6922.4	68.4096	11462.68	14252	20.36	14573.474	14870.892	15070.892
122	2024-11-17	2024	352	3.13	578.5	680	7180.8	63.852	11801.4	13872	20.4	15117.474	15425.993	15625.993
123	2024-11-10	2024	361.5	2.82	586	691	7338.45	57.246	11895.8	14027.3	20.3	15449.368	15764.662	15964.662
124	2024-11-03	2024	370	2.67	590	707	7462.9	53.8539	11900.3	14260.19	20.17	15711.368	16032.009	16232.009
125	2024-10-27	2024	375	2.66	594	714	7601.25	53.9182	12040.38	14472.78	20.27	16002.632	16329.216	16529.217
126	2024-10-20	2024	375.5	2.56	595.5	704	7491.225	51.072	11880.225	14044.8	19.95	15771	16092.857	16292.857
127	2024-10-13	2024	375.5	2.26	592.5	705	7453.675	44.861	11761.125	13994.25	19.85	15691.947	16012.191	16212.191
128	2024-10-06	2024	383.5	2.63	595.5	705	7386.21	50.6538	11469.33	13578.3	19.26	15549.916	15867.261	16067.261
129	2024-09-29	2024	395	2.85	605.5	724	7607.7	54.891	11661.93	13944.24	19.26	16016.211	16343.072	16543.072
130	2024-09-22	2024	371	2.9	581	734	7308.7	57.13	11445.7	14459.8	19.7	15386.737	15700.752	15900.752
131	2024-09-15	2024	370	2.43	578	704	7178	47.142	11213.2	13657.6	19.4	15111.579	15419.979	15619.979
132	2024-09-08	2024	371	2.31	580	698	7119.49	44.3289	11130.2	13394.62	19.19	14988.4	15294.286	15494.286
133	2024-09-01	2024	368	2.6	575.5	700	7348.96	51.922	11492.735	13979	19.97	15471.495	15787.239	15987.239
134	2024-08-25	2024	370	2.13	568.5	714	7292.7	41.9823	11205.135	14072.94	19.71	15353.053	15666.38	15866.38
135	2024-08-18	2024	370	2.02	562.5	672	7063.3	38.5618	10738.125	12828.48	19.09	14870.105	15173.577	15373.577
136	2024-08-11	2024	372	2.12	565.5	656	6930.36	39.4956	10535.265	12221.28	18.63	14590.231	14887.991	15087.991
137	2024-08-04	2024	374.5	2.14	570.5	680	7048.09	40.2748	10736.81	12797.6	18.82	14838.084	15140.902	15340.902
138	2024-07-28	2024	379	1.97	570	681	7261.64	37.7452	10921.2	13047.96	19.16	15287.663	15599.656	15799.656
139	2024-07-21	2024	387.5	2.01	577.5	664	7149.375	37.0845	10654.875	12250.8	18.45	15051.315	15358.485	15558.485
140	2024-07-14	2024	390	2.13	575	657	7035.6	38.4252	10373	11852.28	18.04	14811.789	15114.071	15314.071
141	2024-07-07	2024	389.5	2.33	575.5	665	6859.095	41.0313	10134.555	11710.65	17.61	14440.2	14734.898	14934.898
142	2024-06-30	2024	390	2.35	579.5	675	7055.1	42.5115	10483.155	12210.75	18.09	14852.842	15155.961	15355.961
143	2024-06-23	2024	390	2.6	585.5	674	7148.7	47.658	10732.215	12354.42	18.33	15049.895	15357.035	15557.035
144	2024-06-16	2024	382	2.71	573	721	6914.2	49.051	10371.3	13050.1	18.1	14556.211	14853.276	15053.276
145	2024-06-09	2024	382.5	2.88	577.5	735	7057.125	53.136	10654.875	13560.75	18.45	14857.105	15160.312	15360.312
146	2024-06-02	2024	382.5	2.92	575.5	728	7030.35	53.6696	10577.69	13380.64	18.38	14800.737	15102.793	15302.793
147	2024-05-26	2024	383	2.59	573	761	6507.17	44.0041	9735.27	12929.39	16.99	13699.306	13978.883	14178.883
148	2024-05-19	2024	381	2.52	575	789	6355.08	42.0336	9591	13160.52	16.68	13379.116	13652.159	13852.159
149	2024-05-12	2024	382.5	2.63	582.5	787	6345.675	43.6317	9663.675	13056.33	16.59	13359.315	13631.955	13831.955
150	2024-05-05	2024	380	2.25	582.5	780	6365	37.6875	9756.875	13065	16.75	13400	13673.47	13873.47
151	2024-04-28	2024	384	2.14	588.5	813	6512.64	36.2944	9980.96	13788.48	16.96	13710.821	13990.634	14190.634
152	2024-04-21	2024	385.5	1.61	579.5	821	6607.47	27.5954	9932.63	14071.94	17.14	13910.463	14194.351	14394.351
153	2024-04-14	2024	388	1.75	579	843	6627.04	29.89	9889.32	14398.44	17.08	13951.663	14236.391	14436.391
154	2024-04-07	2024	385.5	1.77	578.5	845	6407.01	29.4174	9614.67	14043.9	16.62	13488.442	13763.717	13963.717
155	2024-03-31	2024	381.5	2.01	580	853	6275.675	33.0645	9541	14031.85	16.45	13211.947	13481.579	13681.579
156	2024-03-24	2024	392	1.76	600	860	6479.76	29.0928	9918	14215.8	16.53	13641.6	13920	14120
157	2024-03-17	2024	381.5	1.66	583	794	6393.94	27.8216	9771.08	13307.44	16.76	13460.927	13735.639	13935.639
158	2024-03-10	2024	378.5	1.66	576.5	792	6317.165	27.7054	9621.785	13218.48	16.69	13299.295	13570.709	13770.709
159	2024-03-03	2024	383	1.81	578.5	814	6438.23	30.4261	9724.585	13683.34	16.81	13554.168	13830.784	14030.784
160	2024-02-25	2024	386	1.84	585	790	6565.86	31.2984	9950.85	13437.9	17.01	13822.863	14104.963	14304.963
161	2024-02-18	2024	414.5	1.6	610	922	7092.095	27.376	10437.1	15775.42	17.11	14930.727	15235.435	15435.435
162	2024-02-11	2024	417	1.61	609.5	929	7109.85	27.4505	10391.975	15839.45	17.05	14968.105	15273.577	15473.577
163	2024-02-04	2024	417	1.85	606.5	945	7122.36	31.598	10359.02	16140.6	17.08	14994.442	15300.451	15500.451
164	2024-01-28	2024	420.5	2.08	615	967	7194.755	35.5888	10522.65	16545.37	17.11	15146.853	15455.972	15655.972
165	2024-01-21	2024	421	2.71	608.5	1077	7220.15	46.4765	10435.775	18470.55	17.15	15200.315	15510.526	15710.526
166	2024-01-14	2024	418	2.52	602	1070	7139.44	43.0416	10282.16	18275.6	17.08	15030.4	15337.143	15537.143
167	2024-01-07	2024	414	3.31	598	1076	6980.04	55.8066	10082.28	18141.36	16.86	14694.821	14994.716	15194.716
168	2023-12-31	2023	417	2.89	594.5	1090	7034.79	48.7543	10029.215	18388.3	16.87	14810.084	15112.331	15312.331
169	2023-12-24	2023	406	2.51	600	1135	6881.7	42.5445	10170	19238.25	16.95	14487.789	14783.459	14983.459
170	2023-12-17	2023	423.5	2.61	598	1074	7186.795	44.2917	10148.06	18225.78	16.97	15130.095	15438.872	15638.872
86	2025-07-27	2025	348	3.08	545	847	6563.28	58.0888	10278.7	15974.42	18.86	13814.573	14102.376	14114.581
84	2025-08-10	2025	347.5	2.92	541	832	6512.15	54.7208	10138.34	15591.68	18.74	13625.929	13909.803	14004.624
87	2025-07-20	2025	345	3.11	536	871	6396.3	57.6594	9937.44	16148.34	18.54	13355.919	13634.168	13755.483
88	2025-07-13	2025	347	3.57	539.5	875	6502.78	66.9018	10110.23	16397.5	18.74	13588.149	13871.235	13984.473
89	2025-07-06	2025	344.5	3.31	536	877	6421.48	61.6984	9991.04	16347.28	18.64	13427.958	13707.707	13809.635
90	2025-06-29	2025	345.5	3.41	539.5	885	6436.665	63.5283	10050.885	16487.55	18.63	13508.39	13789.814	13842.29
91	2025-06-22	2025	342	3.74	541.5	883	6439.86	70.4242	10196.445	16626.89	18.83	13704.022	13989.522	13849.161
92	2025-06-15	2025	342	3.85	540.5	872	6556.14	73.8045	10361.385	16716.24	19.17	13925.701	14215.82	14099.226
93	2025-06-08	2025	339	3.58	541.5	862	6427.44	67.8768	10266.84	16343.52	18.96	13798.633	14086.1045	13822.451
94	2025-06-01	2025	337	3.78	546	878	6443.44	72.2736	10439.52	16787.36	19.12	14030.715	14323.021	13856.86
96	2025-05-18	2025	340.5	3.33	550.5	903	6551.22	64.0692	10591.62	17373.72	19.24	14235.138	14531.703	14088.6455
97	2025-05-11	2025	342.5	3.33	549	895	6668.475	64.8351	10689.03	17425.65	19.47	14366.057	14665.35	14340.807
98	2025-05-04	2025	341.5	3.8	539	890	6645.59	73.948	10488.94	17319.4	19.46	14097.136	14390.825	14291.592
99	2025-04-27	2025	338.5	3.95	539.5	874	6627.83	77.341	10563.41	17112.92	19.58	14197.223	14492.998	14253.397
100	2025-04-20	2025	348	2.94	554.5	944	6789.48	57.3594	10818.295	18417.44	19.51	14539.788	14842.701	14601.032
101	2025-04-13	2025	359.5	3.25	566.5	940	7096.53	64.155	11182.71	18555.6	19.74	15029.5625	15342.678	15261.3545
102	2025-04-06	2025	363.5	3.53	565	938	7389.955	71.7649	11486.45	19069.54	20.33	15437.789	15759.409	15892.376
103	2025-03-30	2025	370	3.95	565.5	932	7555.4	80.659	11547.51	19031.44	20.42	15519.854	15843.184	16248.172
171	2023-12-10	2023	422.5	2.49	600	1068	7258.55	42.7782	10308	18348.24	17.18	15281.158	15593.019	15793.019
172	2023-12-03	2023	430	2.58	609	1070	7460.5	44.763	10566.15	18564.5	17.35	15706.315	16026.853	16226.853
173	2023-11-26	2023	411.5	2.81	599	1039	7065.455	48.2477	10284.83	17839.63	17.17	14874.643	15178.206	15378.206
174	2023-11-19	2023	381.5	2.86	569.5	901	6523.65	48.906	9738.45	15407.1	17.1	13734	14014.286	14214.286
175	2023-11-12	2023	383.5	2.96	566	890	6600.035	50.9416	9740.86	15316.9	17.21	13894.811	14178.378	14378.378
176	2023-11-05	2023	382	3.03	567	893	6734.66	53.4189	9996.21	15743.59	17.63	14178.231	14467.583	14667.583
177	2023-10-29	2023	378	3.52	559.5	873	6596.1	61.424	9763.275	15233.85	17.45	13886.526	14169.925	14369.925
178	2023-10-22	2023	359	3.16	561	866	6501.49	57.2276	10159.71	15683.26	18.11	13687.348	13966.681	14166.681
179	2023-10-15	2023	360	2.9	557	703	6559.2	52.838	10148.54	12808.66	18.22	13808.842	14090.655	14290.655
180	2023-10-08	2023	365	3.24	560	695	6591.9	58.5144	10113.6	12551.7	18.06	13877.685	14160.902	14360.902
181	2023-10-01	2023	369	3.34	571	705	6701.04	60.6544	10369.36	12802.8	18.16	14107.452	14395.359	14595.359
182	2023-09-24	2023	377.5	2.93	573	704	6568.5	50.982	9970.2	12249.6	17.4	13828.421	14110.634	14310.634
183	2023-09-17	2023	376	2.64	570	705	6467.2	45.408	9804	12126	17.2	13615.158	13893.019	14093.019
184	2023-09-10	2023	376	2.64	572.5	704	6414.56	45.0384	9766.85	12010.24	17.06	13504.337	13779.936	13979.936
185	2023-09-03	2023	377	2.61	560.5	720	6627.66	45.8838	9853.59	12657.6	17.58	13952.969	14237.723	14437.723
186	2023-08-27	2023	374.5	2.77	559	720	6396.46	47.3116	9547.72	12297.6	17.08	13466.231	13741.053	13941.053
187	2023-08-20	2023	364	2.54	561	803	6086.08	42.4688	9379.92	13426.16	16.72	12812.8	13074.286	13274.286
188	2023-08-13	2023	367.5	2.55	562.5	807	6262.2	43.452	9585	13751.28	17.04	13183.579	13452.632	13652.632
189	2023-08-06	2023	361.5	2.77	557.5	806	6141.885	47.0623	9471.925	13693.94	16.99	12930.284	13194.168	13394.168
190	2023-07-30	2023	355	2.58	548.5	803	6052.75	43.989	9351.925	13691.15	17.05	12742.632	13002.686	13202.686
191	2023-07-23	2023	362	2.64	580.5	824	6034.54	44.0088	9676.935	13736.08	16.67	12704.295	12963.566	13163.566
192	2023-07-16	2023	367.5	2.71	577	858	6240.15	46.0158	9797.46	14568.84	16.98	13137.158	13405.263	13605.263
193	2023-07-09	2023	372	2.54	579.5	897	6227.28	42.5196	9700.83	15015.78	16.74	13110.063	13377.615	13577.615
194	2023-07-02	2023	375.5	2.58	580	905	6436.07	44.2212	9941.2	15511.7	17.14	13549.621	13826.144	14026.144
195	2023-06-25	2023	374	2.8	592	881	6399.14	47.908	10129.12	15073.91	17.11	13471.874	13746.81	13946.81
196	2023-06-18	2023	385	2.73	613.5	910	6606.6	46.8468	10527.66	15615.6	17.16	13908.632	14192.481	14392.481
197	2023-06-11	2023	385.5	2.63	620	927	6576.63	44.8678	10577.2	15814.62	17.06	13845.537	14128.099	14328.099
198	2023-06-04	2023	392	2.25	615.5	928	6773.76	38.88	10635.84	16035.84	17.28	14260.548	14551.579	14751.579
199	2023-05-28	2023	385	2.17	610.5	940	6752.9	38.0618	10708.17	16487.6	17.54	14216.632	14506.767	14706.767
200	2023-05-21	2023	380.5	2.18	625	1099	6700.605	38.3898	11006.25	19353.39	17.61	14106.537	14394.426	14594.426
201	2023-05-14	2023	378	2.59	614.5	1094	6717.06	46.0243	10919.665	19440.38	17.77	14141.179	14429.774	14629.774
202	2023-05-07	2023	378.5	2.27	621	1096	6654.03	39.9066	10917.18	19267.68	17.58	14008.484	14294.372	14494.372
203	2023-04-30	2023	373	2.14	615	1101	6620.75	37.985	10916.25	19542.75	17.75	13938.421	14222.879	14422.879
204	2023-04-23	2023	424.29	2.41	675.42	1069	7628.7344	43.3318	12144.052	19220.62	17.98	16060.493	16388.258	16588.258
205	2023-04-16	2023	419	2.23	672	1178	7529.43	40.0731	12075.84	21168.66	17.97	15851.432	16174.931	16374.931
206	2023-04-09	2023	428.5	2.11	680	1175	7713	37.98	12240	21150	18	16237.895	16569.281	16769.281
207	2023-04-02	2023	428.5	2.01	674	1166	7764.42	36.4212	12212.88	21127.92	18.12	16346.147	16679.742	16879.742
208	2023-03-26	2023	453	2.22	726.93	1164	8158.53	39.9822	13092.01	20963.64	18.01	17175.854	17526.38	17726.38
209	2023-03-19	2023	454.5	2.22	722.5	1057	8367.345	40.8702	13301.225	19459.37	18.41	17615.463	17974.963	18174.963
210	2023-03-12	2023	460	2.34	730	1056	8684.8	44.1792	13782.4	19937.28	18.88	18283.79	18656.928	18856.928
211	2023-03-05	2023	458	2.43	754	1056	8463.84	44.9064	13933.92	19514.88	18.48	17818.611	18182.256	18382.256
212	2023-02-26	2023	460	3.01	741.5	1050	8252.4	53.9994	13302.51	18837	17.94	17373.475	17728.035	17928.035
213	2023-02-19	2023	428	2.45	699	1020	7870.92	45.0555	12854.61	18757.8	18.39	16570.357	16908.53	17108.53
214	2023-02-12	2023	425	2.28	707.5	798	7798.75	41.838	12982.625	14643.3	18.35	16418.422	16753.49	16953.49
215	2023-02-05	2023	430	2.51	707	798	8019.5	46.8115	13185.55	14882.7	18.65	16883.158	17227.713	17427.713
216	2023-01-29	2023	432	2.41	711	797	8190.72	45.6936	13480.56	15111.12	18.96	17243.621	17595.531	17795.531
217	2023-01-22	2023	414	3.11	690	775	7766.64	58.3436	12944.4	14539	18.76	16350.821	16684.512	16884.512
218	2023-01-15	2023	408	3.17	685	715	7694.88	59.7862	12919.1	13484.9	18.86	16199.747	16530.354	16730.354
219	2023-01-08	2023	417	3.42	687.5	725	7818.75	64.125	12890.625	13593.75	18.75	16460.525	16796.455	16996.455
220	2023-01-01	2023	418	3.71	699	730	7992.16	70.9352	13364.88	13957.6	19.12	16825.6	17168.98	17368.98
221	2022-12-25	2022	386.41	4.48	664.93	744	7523.403	87.2256	12946.1875	14485.68	19.47	15838.742	16161.982	16361.982
222	2022-12-18	2022	385.5	5.08	667	661	7455.57	98.2472	12899.78	12783.74	19.34	15695.937	16016.262	16216.262
223	2022-12-11	2022	387	6.6	666.5	675	7650.99	130.482	13176.705	13344.75	19.77	16107.348	16436.068	16636.068
224	2022-12-04	2022	394	6.25	676.5	667	7785.44	123.5	13367.64	13179.92	19.76	16390.4	16724.898	16924.898
225	2022-11-27	2022	387.5	6.28	672.5	672	7505.875	121.6436	13026.325	13016.64	19.37	15801.842	16124.329	16324.329
226	2022-11-20	2022	347	7.02	634.5	656	6707.51	135.6966	12264.885	12680.48	19.33	14121.073	14409.259	14609.259
227	2022-11-13	2022	343	6.3	634.5	663	6667.92	122.472	12334.68	12888.72	19.44	14037.727	14324.211	14524.211
228	2022-11-06	2022	342	5.88	635.5	662	6669	114.66	12392.25	12909	19.5	14040	14326.53	14526.53
229	2022-10-30	2022	349	6.4	633	678	6805.5	124.8	12343.5	13221	19.5	14327.368	14619.764	14819.764
230	2022-10-23	2022	366	5.68	675	710	7243.14	112.4072	13358.25	14050.9	19.79	15248.716	15559.914	15759.914
231	2022-10-16	2022	364.5	4.96	675	762	7257.195	98.7536	13439.25	15171.42	19.91	15278.306	15590.107	15790.107
232	2022-10-09	2022	365	6.45	683	751	7325.55	129.4515	13707.81	15072.57	20.07	15422.211	15736.949	15936.949
233	2022-10-02	2022	368.5	6.75	686	748	7377.37	135.135	13733.72	14974.96	20.02	15531.306	15848.2705	16048.2705
234	2022-09-25	2022	364.15	6.77	672.74	776	7333.981	136.3478	13548.983	15628.64	20.14	15439.96	15755.062	15955.062
235	2022-09-18	2022	363.5	6.83	672	802	7335.43	137.8294	13560.96	16184.36	20.18	15443.011	15758.174	15958.174
236	2022-09-11	2022	356	7.76	665	789	7130.68	155.4328	13319.95	15803.67	20.03	15011.958	15318.324	15518.324
237	2022-09-04	2022	360	8	674.5	818	7156.8	159.04	13409.06	16261.84	19.88	15066.947	15374.437	15574.437
238	2022-08-28	2022	377.5	8.79	670	780	7523.575	175.1847	13353.1	15545.4	19.93	15839.105	16162.353	16362.353
239	2022-08-21	2022	390	9.3	643	794	7807.8	186.186	12872.86	15895.88	20.02	16437.475	16772.932	16972.932
240	2022-08-14	2022	384	9.34	642	787	7737.6	188.201	12936.3	15858.05	20.15	16289.685	16622.127	16822.127
241	2022-08-07	2022	388	8.77	660	812	7694.04	173.9091	13087.8	16101.96	19.83	16197.979	16528.55	16728.55
242	2022-07-31	2022	380	8.06	641	818	7755.8	164.5046	13082.81	16695.38	20.41	16328	16661.225	16861.225
243	2022-07-24	2022	386.85	8.23	680.71	855	7872.3975	167.4805	13852.448	17399.25	20.35	16573.469	16911.703	17111.703
244	2022-07-17	2022	392	8.3	682.5	923	8047.76	170.399	14011.725	18949.19	20.53	16942.652	17288.422	17488.422
245	2022-07-10	2022	385	7.02	682.5	915	7900.2	144.0504	14004.9	18775.8	20.52	16632	16971.428	17171.428
246	2022-07-03	2022	405.5	6.03	685	917	8288.42	123.2532	14001.4	18743.48	20.44	17449.305	17805.414	18005.414
247	2022-06-26	2022	393	5.73	669	930	7958.25	116.0325	13547.25	18832.5	20.25	16754.21	17096.133	17296.133
248	2022-06-19	2022	372.5	6.22	678.5	1127	7394.125	123.467	13468.225	22370.95	19.85	15566.579	15884.265	16084.265
249	2022-06-12	2022	383	6.94	692.5	1126	7786.39	141.0902	14078.525	22891.58	20.33	16392.4	16726.94	16926.94
250	2022-06-05	2022	395	8.85	715	1160	7884.2	176.646	14271.4	23153.6	19.96	16598.316	16937.057	17137.057
251	2022-05-29	2022	440	8.52	740	1155	8606.4	166.6512	14474.4	22591.8	19.56	18118.736	18488.508	18688.508
252	2022-05-22	2022	484.5	8.73	804.5	1195	9481.665	170.8461	15744.065	23386.15	19.57	19961.4	20368.775	20568.775
253	2022-05-15	2022	481.5	8.08	790	1385	9557.775	160.388	15681.5	27492.25	19.85	20121.63	20532.277	20732.277
254	2022-05-08	2022	479	7.66	801	1382	9623.11	153.8894	16092.09	27764.38	20.09	20259.18	20672.63	20872.63
255	2022-05-01	2022	529	8.04	840	1378	10654.06	161.9256	16917.6	27752.92	20.14	22429.6	22887.348	23087.348
256	2022-04-24	2022	619.64	7.24	935.79	1400	12646.853	147.7684	19099.475	28574	20.41	26624.953	27168.318	27368.318
257	2022-04-17	2022	626	6.53	934	1465	12657.72	132.0366	18885.48	29622.3	20.22	26647.832	27191.664	27391.664
258	2022-04-10	2022	635	7.3	942.5	1479	12661.9	145.562	18793.45	29491.26	19.94	26656.63	27200.645	27400.645
259	2022-04-03	2022	635	6.28	942.5	1490	12712.7	125.7256	18868.85	29829.8	20.02	26763.578	27309.775	27509.775
260	2022-03-27	2022	638	5.72	942	1540	12657.92	113.4848	18689.28	30553.6	19.84	26648.252	27192.094	27392.094
261	2022-03-20	2022	643	5.57	926.5	1123	12872.86	111.5114	18548.53	22482.46	20.02	27100.758	27653.834	27853.834
262	2022-03-13	2022	639	4.86	920	1134	12997.26	98.8524	18712.8	23065.56	20.34	27362.652	27921.074	28121.074
263	2022-03-06	2022	629	4.73	925.5	1125	13146.1	98.857	19342.95	23512.5	20.9	27676	28240.816	28440.816
264	2022-02-27	2022	645	5.02	837.5	1175	13506.3	105.1188	17537.25	24604.5	20.94	28434.316	29014.607	29214.607
265	2022-02-20	2022	504.5	4.47	739	1010	10261.53	90.9198	15031.26	20543.4	20.34	21603.22	22044.104	22244.104
266	2022-02-13	2022	505.5	4.43	742.5	1117	10251.54	89.8404	15057.9	22652.76	20.28	21582.19	22022.643	22222.643
267	2022-02-06	2022	515	3.94	745.5	1131	10572.95	80.8882	15305.115	23219.43	20.53	22258.842	22713.104	22913.104
268	2022-01-30	2022	502.5	4.57	737	1190	10381.65	94.4162	15226.42	24585.4	20.66	21856.105	22302.148	22502.148
269	2022-01-23	2022	470	4.64	702	1170	9771.3	96.4656	14594.58	24324.3	20.79	20571.158	20990.977	21190.977
270	2022-01-16	2022	474	4	703.5	1425	9693.3	81.8	14386.575	29141.25	20.45	20406.947	20823.416	21023.416
271	2022-01-09	2022	467.5	4.26	700	1437	9485.575	86.4354	14203	29156.73	20.29	19969.63	20377.176	20577.176
272	2022-01-02	2022	467.5	3.92	715	1415	9518.3	79.8112	14557.4	28809.4	20.36	20038.525	20447.477	20647.477
295	2026-01-04	2025	372.02	3.47	567.5	933.01	6655.624	62.080036	10152.858	16692.016	17.8905	13645.442	13929.723	14313.17
296	2026-01-12	2026	377.5	3.377	569	943	6760.081	60.47363	10189.367	16886.773	17.9075	13694.51	13979.8125	14173.41
297	2026-01-19	2026	374.45	3.57	560	939	6589.9453	62.82843	9855.44	16525.46	17.599	13245.711	13521.664	13708.917
298	2026-01-24	2026	374.5	7	560	939	6536.7104	122.1815	9774.52	16389.775	17.4545	13136.955	13410.642	13596.357
294	2025-12-28	2025	370	4.68	567.5	905.7	6647.679	84.08415	10196.103	16272.44	17.9667	13703.562	13989.053	14296.084
293	2025-12-21	2025	370	3.96	567.5	907.77	6652.045	71.19486	10202.799	16320.343	17.9785	13712.562	13998.24	14305.473
292	2025-12-14	2025	368.47	4.05	567.5	907	6652.468	73.11991	10245.815	16375.25	18.0543	13770.376	14057.259	14306.383
291	2025-12-07	2025	363.95	4.91	555.59	908.59	6637.247	89.5422	10132.128	16569.684	18.2367	13617.58	13901.28	14273.649
290	2025-11-30	2025	363.37	4.92	555.59	904.3	6722.236	91.018524	10278.248	16729.28	18.4997	13813.966	14101.757	14456.422
289	2025-11-23	2025	357.07	4.54	549.51	854.61	6605.688	83.98864	10165.7705	15810.028	18.4997	13662.795	13947.437	14205.78
288	2025-11-16	2025	355.81	4.37	541.64	854.61	6537.226	80.28914	9951.443	15701.578	18.3728	13374.74	13653.38	14058.551
286	2025-11-09	2025	354.04	4.35	541.85	851.61	6511.5747	80.00607	9965.813	15662.981	18.3922	13394.054	13673.097	14003.386
285	2025-11-02	2025	352.52	4.26	538.63	713.18	6515.803	78.73971	9955.768	13182.0625	18.4835	13380.552	13659.313	14012.48
284	2025-10-26	2025	350.25	3.44	545.04	710.53	6440.8174	63.258846	10022.85	13066.078	18.3892	13470.71	13751.35	13851.22
283	2025-10-19	2025	349.24	3.39	547.51	704.03	6427.134	62.38685	10075.936	12956.405	18.4032	13542.058	13824.185	13821.793
282	2025-10-12	2025	349.74	3.1	547.6	700.77	6449.2056	57.164	10097.744	12922.199	18.44	13571.368	13854.1045	13869.26
281	2025-10-05	2025	347.97	3.33	543.11	715.95	6385.9453	61.11216	9967.154	13139.114	18.352	13395.855	13674.937	13733.216
280	2025-09-28	2025	342.66	3.3	543.48	733.29	6287.811	60.555	9972.858	13455.871	18.35	13403.521	13682.761	13522.174
279	2025-09-21	2025	338.62	2.8	536.62	813.31	6230.608	51.52	9873.808	14964.904	18.4	13270.398	13546.864	13399.157
278	2025-09-14	2025	337.54	3.04	540.51	811.08	6198.247	55.82352	9925.385	14893.862	18.363	13339.718	13617.628	13329.563
277	2025-09-07	2025	342.77	3.09	537.16	697.37	6394.3745	57.64395	10020.72	13009.4375	18.655	13467.848	13748.428	13751.343
276	2025-08-31	2025	341	2.99	541.5	702	6357.604	55.74556	10095.726	13088.088	18.644	13568.655	13851.336	13672.267
275	2025-08-24	2025	344	2.69	567	832.53	6429.36	50.2761	10597.23	15559.985	18.69	14242.677	14539.399	13826.581
83	2025-08-17	2025	347	2.76	541	831	6530.54	51.9432	10181.62	15639.42	18.82	13684.098	13969.183	14044.172
\.


--
-- Data for Name: regiones; Type: TABLE DATA; Schema: public; Owner: postgres
--

COPY public.regiones (id, estado_id, nombre, created_at) FROM stdin;
1	1	Región Norte	2025-12-16 14:52:11.729218
2	1	Región Altos Norte	2025-12-16 14:52:11.729218
3	1	Región Altos Sur	2025-12-16 14:52:11.729218
4	1	Región Ciénega	2025-12-16 14:52:11.729218
5	1	Región Sureste	2025-12-16 14:52:11.729218
6	1	Región Sur	2025-12-16 14:52:11.729218
7	1	Región Sierra de Amula	2025-12-16 14:52:11.729218
8	1	Región Costa Sur	2025-12-16 14:52:11.729218
9	1	Región Costa-Sierra Occidental	2025-12-16 14:52:11.729218
10	1	Región Valles	2025-12-16 14:52:11.729218
11	1	Región Lagunas	2025-12-16 14:52:11.729218
12	1	Región Centro	2025-12-16 14:52:11.729218
\.


--
-- Data for Name: usuarios; Type: TABLE DATA; Schema: public; Owner: postgres
--

COPY public.usuarios (id, firebase_uid, email, nombre, foto_url, telefono, empresa, total_cotizaciones, ultima_cotizacion, fecha_registro, ultimo_acceso, activo) FROM stdin;
1	3pv373JzilaXOC7C4Dq66FOqF2v1	\N	\N	\N	\N	\N	80	2026-01-12 17:06:31.238323	2025-12-16 15:39:47.076116	2026-01-12 17:06:31.238323	t
\.


--
-- Name: cotizaciones_id_seq; Type: SEQUENCE SET; Schema: public; Owner: postgres
--

SELECT pg_catalog.setval('public.cotizaciones_id_seq', 81, true);


--
-- Name: estados_id_seq; Type: SEQUENCE SET; Schema: public; Owner: postgres
--

SELECT pg_catalog.setval('public.estados_id_seq', 1, true);


--
-- Name: market_data_id_seq; Type: SEQUENCE SET; Schema: public; Owner: postgres
--

SELECT pg_catalog.setval('public.market_data_id_seq', 2, true);


--
-- Name: municipios_id_seq; Type: SEQUENCE SET; Schema: public; Owner: postgres
--

SELECT pg_catalog.setval('public.municipios_id_seq', 125, true);


--
-- Name: precios_materiales_id_seq; Type: SEQUENCE SET; Schema: public; Owner: postgres
--

SELECT pg_catalog.setval('public.precios_materiales_id_seq', 298, true);


--
-- Name: regiones_id_seq; Type: SEQUENCE SET; Schema: public; Owner: postgres
--

SELECT pg_catalog.setval('public.regiones_id_seq', 12, true);


--
-- Name: usuarios_id_seq; Type: SEQUENCE SET; Schema: public; Owner: postgres
--

SELECT pg_catalog.setval('public.usuarios_id_seq', 81, true);


--
-- Name: cotizaciones cotizaciones_pkey; Type: CONSTRAINT; Schema: public; Owner: postgres
--

ALTER TABLE ONLY public.cotizaciones
    ADD CONSTRAINT cotizaciones_pkey PRIMARY KEY (id);


--
-- Name: estados estados_codigo_key; Type: CONSTRAINT; Schema: public; Owner: postgres
--

ALTER TABLE ONLY public.estados
    ADD CONSTRAINT estados_codigo_key UNIQUE (codigo);


--
-- Name: estados estados_nombre_key; Type: CONSTRAINT; Schema: public; Owner: postgres
--

ALTER TABLE ONLY public.estados
    ADD CONSTRAINT estados_nombre_key UNIQUE (nombre);


--
-- Name: estados estados_pkey; Type: CONSTRAINT; Schema: public; Owner: postgres
--

ALTER TABLE ONLY public.estados
    ADD CONSTRAINT estados_pkey PRIMARY KEY (id);


--
-- Name: market_data market_data_pkey; Type: CONSTRAINT; Schema: public; Owner: postgres
--

ALTER TABLE ONLY public.market_data
    ADD CONSTRAINT market_data_pkey PRIMARY KEY (id);


--
-- Name: municipios municipios_pkey; Type: CONSTRAINT; Schema: public; Owner: postgres
--

ALTER TABLE ONLY public.municipios
    ADD CONSTRAINT municipios_pkey PRIMARY KEY (id);


--
-- Name: precios_materiales precios_materiales_pkey; Type: CONSTRAINT; Schema: public; Owner: postgres
--

ALTER TABLE ONLY public.precios_materiales
    ADD CONSTRAINT precios_materiales_pkey PRIMARY KEY (id);


--
-- Name: regiones regiones_estado_id_nombre_key; Type: CONSTRAINT; Schema: public; Owner: postgres
--

ALTER TABLE ONLY public.regiones
    ADD CONSTRAINT regiones_estado_id_nombre_key UNIQUE (estado_id, nombre);


--
-- Name: regiones regiones_pkey; Type: CONSTRAINT; Schema: public; Owner: postgres
--

ALTER TABLE ONLY public.regiones
    ADD CONSTRAINT regiones_pkey PRIMARY KEY (id);


--
-- Name: market_data uq_market_data_date_asset; Type: CONSTRAINT; Schema: public; Owner: postgres
--

ALTER TABLE ONLY public.market_data
    ADD CONSTRAINT uq_market_data_date_asset UNIQUE (date, asset_name);


--
-- Name: usuarios usuarios_firebase_uid_key; Type: CONSTRAINT; Schema: public; Owner: postgres
--

ALTER TABLE ONLY public.usuarios
    ADD CONSTRAINT usuarios_firebase_uid_key UNIQUE (firebase_uid);


--
-- Name: usuarios usuarios_pkey; Type: CONSTRAINT; Schema: public; Owner: postgres
--

ALTER TABLE ONLY public.usuarios
    ADD CONSTRAINT usuarios_pkey PRIMARY KEY (id);


--
-- Name: idx_market_data_asset; Type: INDEX; Schema: public; Owner: postgres
--

CREATE INDEX idx_market_data_asset ON public.market_data USING btree (asset_name);


--
-- Name: idx_market_data_created_at; Type: INDEX; Schema: public; Owner: postgres
--

CREATE INDEX idx_market_data_created_at ON public.market_data USING btree (created_at DESC);


--
-- Name: idx_market_data_date; Type: INDEX; Schema: public; Owner: postgres
--

CREATE INDEX idx_market_data_date ON public.market_data USING btree (date DESC);


--
-- Name: idx_market_data_date_asset; Type: INDEX; Schema: public; Owner: postgres
--

CREATE INDEX idx_market_data_date_asset ON public.market_data USING btree (date DESC, asset_name);


--
-- Name: market_data trg_market_data_updated_at; Type: TRIGGER; Schema: public; Owner: postgres
--

CREATE TRIGGER trg_market_data_updated_at BEFORE UPDATE ON public.market_data FOR EACH ROW EXECUTE FUNCTION public.update_updated_at_column();


--
-- Name: cotizaciones cotizaciones_municipio_id_fkey; Type: FK CONSTRAINT; Schema: public; Owner: postgres
--

ALTER TABLE ONLY public.cotizaciones
    ADD CONSTRAINT cotizaciones_municipio_id_fkey FOREIGN KEY (municipio_id) REFERENCES public.municipios(id);


--
-- Name: cotizaciones cotizaciones_usuario_id_fkey; Type: FK CONSTRAINT; Schema: public; Owner: postgres
--

ALTER TABLE ONLY public.cotizaciones
    ADD CONSTRAINT cotizaciones_usuario_id_fkey FOREIGN KEY (usuario_id) REFERENCES public.usuarios(id);


--
-- Name: municipios municipios_estado_id_fkey; Type: FK CONSTRAINT; Schema: public; Owner: postgres
--

ALTER TABLE ONLY public.municipios
    ADD CONSTRAINT municipios_estado_id_fkey FOREIGN KEY (estado_id) REFERENCES public.estados(id);


--
-- Name: municipios municipios_region_id_fkey; Type: FK CONSTRAINT; Schema: public; Owner: postgres
--

ALTER TABLE ONLY public.municipios
    ADD CONSTRAINT municipios_region_id_fkey FOREIGN KEY (region_id) REFERENCES public.regiones(id);


--
-- Name: regiones regiones_estado_id_fkey; Type: FK CONSTRAINT; Schema: public; Owner: postgres
--

ALTER TABLE ONLY public.regiones
    ADD CONSTRAINT regiones_estado_id_fkey FOREIGN KEY (estado_id) REFERENCES public.estados(id);


--
-- PostgreSQL database dump complete
--

\unrestrict pc9DF06XBnREtbE2dbyUJ1hDRrghTW0AvWf0fClH23oCtJZjVuMNgQgv28uqV9g

